[
  {
    "id": "s1",
    "date": "2025-12-01",
    "start": "18:00",
    "end": "06:00",
    "unit_id": "u120",
    "required_quals": [
      "ALS"
    ],
    "tags": [
      "overnight"
    ],
    "assigned_member_ids": [
      "m1001"
    ],
    "override_first_out_unit": null
  },
  {
    "id": "s2",
    "date": "2025-12-02",
    "start": "06:00",
    "end": "18:00",
    "unit_id": "u121",
    "required_quals": [
      "EMT"
    ],
    "tags": [],
    "assigned_member_ids": [
      "m1002"
    ],
    "override_first_out_unit": null
  },
  {
    "id": "s3",
    "date": "2025-12-03",
    "start": "18:00",
    "end": "06:00",
    "unit_id": "u131",
    "required_quals": [
      "EMT"
    ],
    "tags": [
      "overnight",
      "unpopular"
    ],
    "assigned_member_ids": [
      "m1003"
    ],
    "override_first_out_unit": "u121"
  }
]