{
"shift_period": {
"start": "Thursday",
"end": "Wednesday"
},
"lookahead_weeks": 3,
"min_rest_hours": 36,
"max_hours_per_week": 48,

"priority": {
"officers_override": true,
"new_members_limit": true,
"prefer_volunteers": true
},

"apparatus_rules": {
"A-121": {
"night_als_required": true,
"min_staff": 2,
"roles": ["DRIVER", "BASIC"]
},
"A-120": {
"min_staff": 2,
"roles": ["DRIVER", "BASIC"]
}
},

"conflicts": {
"cannot_pair": [],
"station_restrictions": []
},

"colors": {
"green": "All required roles present",
"yellow": "Minimum staff but missing preferred role",
"red": "Does not meet minimum staffing"
}
}